INSERT INTO user (login, mdp, role, valide)
VALUES ('admin', '$2y$10$vf18LqeOYjbnDMGfG3uDxOF/EVjnowpNqzQkk5wH/hVD1bAmF1gXi', 'admin', 1),
('nass', '$2y$10$vO3Aj3Rb6QrtBEH3mYuEuORrWu3Iyy/YDeLh44KD0fikYpixwgzjW', 'etud', 1),
('user', '$2y$10$CYYQ9aYiG30NsmYfJ3whGeUejRoDpvT/cqVFo.FehQmIMO0ITbZQe', 'etud', 1),
('pard', '$2y$10$fIcWfqaYVfXK6mQhCuHOSeT8SupjJTvCNrA/vILZMQg9BBj9Tt7g.', 'pard', 1);

INSERT INTO formation (idFormation, nom, description, age, niveau, image, createur)
VALUES (1, 'BTS SIO SLAM', 'Apprendre le Code Avancé', 17, 'BAC', 'Fire.jpg', 'pard'),
(2, 'BTS SIO SISR', 'Apprendre le Réseau', 17, 'BAC', 'Water.jpg', 'pard'),
(3, 'BAC Scientifique', 'Diplome orienté Mathématique', 14, 'Brevet', 'Stink.jpg', 'pard'),
(4, 'BAC Litteraire', 'Diplome orienté Litteraire', 14, 'Brevet', 'Death.png', 'pard'),
(5, 'Brevet des Collèges', 'Diplome Generaliste', 10, 'Classe Préparatoire', 'Sleep.jpg', 'pard'),
(6, 'ISN', 'Apprendre les bases de la Programmation', 13, 'Brevet', 'Comet.jpg', 'pard'),
(7, 'Mathématiques', 'Apprendre le Monde des Chiffres et des Nombres', 4, 'Aucun', 'Curse.jpg', 'pard'),
(8, 'Math Spé', 'Approfondir les Mathématiques', 13, 'Classe Préparatoire', 'Snow.jpg', 'pard'),
(9, 'Philosophie', 'Club de Débat', 15, 'Brevet', 'Gaping.jpg', 'admin'),
(10, 'Science et Vie de la Terre', 'Apprendre Les Fonctions de la Vie', 9, 'Brevet', 'Dragon.jpg', 'admin'),
(11, 'Physique', 'Apprendre Comment la Physique Marche', 9, 'Brevet', 'Thorns.jpg', 'admin'),
(12, 'Chimie', 'Pipe Bomb', 9, 'Pipe Bomb', 'Black.jpg', 'admin');

INSERT INTO inscription (login, idFormation)
VALUES('user',2),
('user',5),
('user',12),
('nass',1),
('nass',6),
('admin',3);

INSERT INTO documentation (idDocumentation, idFormation, titre, type)
VALUES (1, 1, 'Victim.mp4', 'mp4'),
(2, 1, 'Journey.mp3', 'mp3'),
(3, 1, 'Dahaad.png', 'png'),
(4, 1, 'Tomb.jpg', 'jpg'),
(5, 1, 'M2I.pdf', 'pdf'),
(1, 2, 'Victim.mp4', 'mp4'),
(2, 2, 'Journey.mp3', 'mp3'),
(3, 2, 'Dahaad.png', 'png'),
(4, 2, 'Tomb.jpg', 'jpg'),
(5, 2, 'M2I.pdf', 'pdf'),
(1, 3, 'Victim.mp4', 'mp4'),
(2, 3, 'Journey.mp3', 'mp3'),
(3, 3, 'Dahaad.png', 'png'),
(4, 3, 'Tomb.jpg', 'jpg'),
(5, 3, 'M2I.pdf', 'pdf'),
(1, 4, 'Victim.mp4', 'mp4'),
(2, 4, 'Journey.mp3', 'mp3'),
(3, 4, 'Dahaad.png', 'png'),
(4, 4, 'Tomb.jpg', 'jpg'),
(5, 4, 'M2I.pdf', 'pdf'),
(1, 5, 'Victim.mp4', 'mp4'),
(2, 5, 'Journey.mp3', 'mp3'),
(3, 5, 'Dahaad.png', 'png'),
(4, 5, 'Tomb.jpg', 'jpg'),
(5, 5, 'M2I.pdf', 'pdf'),
(1, 6, 'Victim.mp4', 'mp4'),
(2, 6, 'Journey.mp3', 'mp3'),
(3, 6, 'Dahaad.png', 'png'),
(4, 6, 'Tomb.jpg', 'jpg'),
(5, 6, 'M2I.pdf', 'pdf'),
(1, 7, 'Victim.mp4', 'mp4'),
(2, 7, 'Journey.mp3', 'mp3'),
(3, 7, 'Dahaad.png', 'png'),
(4, 7, 'Tomb.jpg', 'jpg'),
(5, 7, 'M2I.pdf', 'pdf'),
(1, 8, 'Victim.mp4', 'mp4'),
(2, 8, 'Journey.mp3', 'mp3'),
(3, 8, 'Dahaad.png', 'png'),
(4, 8, 'Tomb.jpg', 'jpg'),
(5, 8, 'M2I.pdf', 'pdf'),
(1, 9, 'Victim.mp4', 'mp4'),
(2, 9, 'Journey.mp3', 'mp3'),
(3, 9, 'Dahaad.png', 'png'),
(4, 9, 'Tomb.jpg', 'jpg'),
(5, 9, 'M2I.pdf', 'pdf'),
(1, 10, 'Victim.mp4', 'mp4'),
(2, 10, 'Journey.mp3', 'mp3'),
(3, 10, 'Dahaad.png', 'png'),
(4, 10, 'Tomb.jpg', 'jpg'),
(5, 10, 'M2I.pdf', 'pdf'),
(1, 11, 'Victim.mp4', 'mp4'),
(2, 11, 'Journey.mp3', 'mp3'),
(3, 11, 'Dahaad.png', 'png'),
(4, 11, 'Tomb.jpg', 'jpg'),
(5, 11, 'M2I.pdf', 'pdf'),
(1, 12, 'Victim.mp4', 'mp4'),
(2, 12, 'Journey.mp3', 'mp3'),
(3, 12, 'Dahaad.png', 'png'),
(4, 12, 'Tomb.jpg', 'jpg'),
(5, 12, 'M2I.pdf', 'pdf');